{"test_gain_mean": 0, "test_avg_loss_ratio": 0, "val_gain_main": 0, "val_avg_loss_ratio": 0, "top_columns": ["cc_beta", "cc_criterion", "cc_false_alarm_avg_click_delay", "cc_false_alarm_rate", "cc_false_alarms", "cc_hit_avg_click_delay", "cc_hit_rate", "cc_hits", "cc_sensitivity", "cpc_expected_value", "cpc_expected_value_max", "cpc_expected_value_min", "cpc_q1", "cpc_q10", "cpc_q2", "cpc_q3", "cpc_q4", "cpc_q5", "cpc_q6", "cpc_q7", "cpc_q8", "cpc_q9", "cpc_time_spent", "exp_ultimatum_game_experience", "offer", "prop_time_spent", "ras_assertiveness", "ras_q1", "ras_q10", "ras_q11", "ras_q12", "ras_q13", "ras_q14", "ras_q15", "ras_q16", "ras_q17", "ras_q18", "ras_q19", "ras_q2", "ras_q20", "ras_q21", "ras_q22", "ras_q23", "ras_q24", "ras_q25", "ras_q26", "ras_q27", "ras_q28", "ras_q29", "ras_q3", "ras_q30", "ras_q4", "ras_q5", "ras_q6", "ras_q7", "ras_q8", "ras_q9", "ras_time_spent", "resp_time_spent", "risk_expected_value", "risk_q1", "risk_q2", "risk_q3", "risk_q4", "risk_time_spent", "rowid"], "pdf": [0.0038834951456310682, 0.017475728155339806, 0.0038834951456310682, 0.0019417475728155341, 0.005825242718446602, 0.0038834951456310682, 0.005825242718446602, 0.009708737864077669, 0.036893203883495145, 0.015533980582524273, 0.08543689320388351, 0.0019417475728155341, 0.0019417475728155341, 0.0, 0.0, 0.0, 0.0, 0.0, 0.0, 0.0, 0.005825242718446602], "bins_pdf": [0, 5, 10, 15, 20, 25, 30, 35, 40, 45, 50, 55, 60, 65, 70, 75, 80, 85, 90, 95, 100, 105], "acc": 0.8256180053669696, "val_acc": 0.7642584024162971, "rel_acc_std": 0.0, "train_err_pdf": [0.0, 0.0, 0.0, 0.0, 0.0, 0.0, 0.0, 0.0, 0.0, 0.0, 0.004878048780487805, 0.0, 0.0, 0.0, 0.0, 0.0, 0.0, 0.0, 0.0, 0.0024390243902439024, 0.08292682926829269, 0.01951219512195122, 0.041463414634146344, 0.007317073170731707, 0.007317073170731707, 0.0024390243902439024, 0.004878048780487805, 0.0024390243902439024, 0.004878048780487805, 0.017073170731707315, 0.0024390243902439024, 0.0, 0.0, 0.0, 0.0, 0.0, 0.0, 0.0, 0.0, 0.0, 0.0], "bins_train_err_pdf": [-100, -95, -90, -85, -80, -75, -70, -65, -60, -55, -50, -45, -40, -35, -30, -25, -20, -15, -10, -5, 0, 5, 10, 15, 20, 25, 30, 35, 40, 45, 50, 55, 60, 65, 70, 75, 80, 85, 90, 95, 100, 105], "unique_preds": [50.0], "df_min": {"cc_beta": 0.384298233612885, "cc_criterion": -0.820955658148891, "cc_false_alarm_avg_click_delay": 0.0, "cc_false_alarm_rate": 0.0, "cc_false_alarms": 0.0, "cc_hit_avg_click_delay": 0.0, "cc_hit_rate": 0.0, "cc_hits": 0.0, "cc_sensitivity": -0.9674215661017009, "cpc_expected_value": 6.9906, "cpc_expected_value_max": 5.699, "cpc_expected_value_min": 1.9848, "cpc_q1": 7.0, "cpc_q10": 4.1583, "cpc_q2": 2.2333, "cpc_q3": 10.22, "cpc_q4": 11.525, "cpc_q5": 3.4167, "cpc_q6": 14.5, "cpc_q7": 2.015, "cpc_q8": -9.0, "cpc_q9": 14.8, "cpc_time_spent": 6.0, "exp_ultimatum_game_experience": 0.0, "offer": 0.0, "prop_time_spent": 4.0, "ras_assertiveness": -79.0, "ras_q1": -3.0, "ras_q10": -3.0, "ras_q11": -3.0, "ras_q12": -3.0, "ras_q13": -3.0, "ras_q14": -3.0, "ras_q15": -3.0, "ras_q16": -3.0, "ras_q17": -3.0, "ras_q18": -3.0, "ras_q19": -3.0, "ras_q2": -3.0, "ras_q20": -3.0, "ras_q21": -3.0, "ras_q22": -3.0, "ras_q23": -3.0, "ras_q24": -3.0, "ras_q25": -3.0, "ras_q26": -3.0, "ras_q27": -3.0, "ras_q28": -3.0, "ras_q29": -3.0, "ras_q3": -3.0, "ras_q30": -3.0, "ras_q4": -3.0, "ras_q5": -3.0, "ras_q6": -3.0, "ras_q7": -2.0, "ras_q8": -3.0, "ras_q9": -3.0, "ras_time_spent": 14.0, "resp_time_spent": 3.0, "risk_expected_value": 1.0, "risk_q1": 0.99, "risk_q2": 1.0, "risk_q3": 1.0, "risk_q4": 1.0, "risk_time_spent": 6.0, "rowid": 1.0}, "df_max": {"cc_beta": 1.9379909592455802, "cc_criterion": 1.26667175373832, "cc_false_alarm_avg_click_delay": 851.0, "cc_false_alarm_rate": 0.75, "cc_false_alarms": 3.0, "cc_hit_avg_click_delay": 489.0, "cc_hit_rate": 1.0, "cc_hits": 6.0, "cc_sensitivity": 2.53334350747665, "cpc_expected_value": 11.5128, "cpc_expected_value_max": 15.852, "cpc_expected_value_min": 9.2635, "cpc_q1": 14.0, "cpc_q10": 6.5, "cpc_q2": 13.0, "cpc_q3": 30.0, "cpc_q4": 14.565, "cpc_q5": 5.16, "cpc_q6": 15.0, "cpc_q7": 2.565, "cpc_q8": -1.0875, "cpc_q9": 15.425, "cpc_time_spent": 357.0, "exp_ultimatum_game_experience": 2000.0, "offer": 100.0, "prop_time_spent": 76.0, "ras_assertiveness": 79.0, "ras_q1": 3.0, "ras_q10": 3.0, "ras_q11": 3.0, "ras_q12": 3.0, "ras_q13": 3.0, "ras_q14": 3.0, "ras_q15": 3.0, "ras_q16": 3.0, "ras_q17": 3.0, "ras_q18": 3.0, "ras_q19": 3.0, "ras_q2": 3.0, "ras_q20": 3.0, "ras_q21": 3.0, "ras_q22": 3.0, "ras_q23": 3.0, "ras_q24": 3.0, "ras_q25": 3.0, "ras_q26": 3.0, "ras_q27": 3.0, "ras_q28": 3.0, "ras_q29": 3.0, "ras_q3": 3.0, "ras_q30": 3.0, "ras_q4": 3.0, "ras_q5": 3.0, "ras_q6": 3.0, "ras_q7": 3.0, "ras_q8": 3.0, "ras_q9": 3.0, "ras_time_spent": 928.0, "resp_time_spent": 88.0, "risk_expected_value": 4.645, "risk_q1": 1.09, "risk_q2": 1.99, "risk_q3": 5.5, "risk_q4": 10.0, "risk_time_spent": 226.0, "rowid": 112.0}}