{
    "test_gain_mean": 92.05,
    "test_avg_loss_ratio": 0.22901462213251667,
    "val_gain_mean": 95.0,
    "val_avg_loss_ratio": 0.17215521584127713,
    "top_columns": [
        "selfish",
        "time_spent_prop"
    ],
    "pdf": [
        0.0,
        0.00625,
        0.0,
        0.003125,
        0.003125,
        0.0,
        0.0,
        0.0,
        0.00625,
        0.0,
        0.040625,
        0.0,
        0.003125,
        0.0,
        0.00625,
        0.0125,
        0.01875,
        0.0,
        0.00625,
        0.009375,
        0.065625,
        0.003125,
        0.0,
        0.0,
        0.0,
        0.003125,
        0.0,
        0.0,
        0.003125,
        0.0,
        0.00625,
        0.0,
        0.0,
        0.0,
        0.0,
        0.0,
        0.0,
        0.0,
        0.0,
        0.003125
    ],
    "acc": 0.8278447841587229,
    "bins_pdf": [
        0,
        5,
        10,
        15,
        20,
        25,
        30,
        35,
        40,
        45,
        50,
        55,
        60,
        65,
        70,
        75,
        80,
        85,
        90,
        95,
        100,
        105,
        110,
        115,
        120,
        125,
        130,
        135,
        140,
        145,
        150,
        155,
        160,
        165,
        170,
        175,
        180,
        185,
        190,
        195,
        200
    ],
    "train_err_pdf": [
        0.0,
        0.0,
        0.0,
        0.0,
        0.0,
        0.0,
        0.0,
        0.0,
        0.0,
        0.0,
        0.0,
        0.0,
        0.0,
        0.0,
        0.0,
        0.0,
        0.0,
        0.0,
        0.0,
        0.0,
        0.0,
        0.0,
        0.0,
        0.0,
        0.0,
        0.0,
        0.0,
        0.0,
        0.0,
        0.0,
        0.005946082136558327,
        0.0003023431594860166,
        0.0030738221214411687,
        0.0001511715797430083,
        5.039052658100277e-05,
        0.0029730410682791636,
        0.0001511715797430083,
        5.039052658100277e-05,
        0.0,
        0.0029730410682791636,
        0.06258503401360545,
        0.012144116906021669,
        0.0074577979339884104,
        0.00045351473922902497,
        0.017939027462836987,
        0.012799193751574704,
        0.006853111615016377,
        0.0005039052658100278,
        0.0030738221214411687,
        0.0001511715797430083,
        0.03869992441421013,
        0.001965230536659108,
        0.006601158982111363,
        0.0003023431594860166,
        0.00010078105316200554,
        0.0,
        0.0029730410682791636,
        0.003124212648022172,
        0.00020156210632401108,
        0.00599647266313933,
        0.0003023431594860166,
        0.00010078105316200554,
        0.0,
        0.0,
        0.0,
        0.0,
        0.0,
        0.0,
        0.0,
        0.0,
        0.0,
        0.0,
        0.0,
        0.0,
        0.0,
        0.0,
        0.0,
        0.0,
        0.0
    ],
    "bins_train_err_pdf": [
        -200,
        -195,
        -190,
        -185,
        -180,
        -175,
        -170,
        -165,
        -160,
        -155,
        -150,
        -145,
        -140,
        -135,
        -130,
        -125,
        -120,
        -115,
        -110,
        -105,
        -100,
        -95,
        -90,
        -85,
        -80,
        -75,
        -70,
        -65,
        -60,
        -55,
        -50,
        -45,
        -40,
        -35,
        -30,
        -25,
        -20,
        -15,
        -10,
        -5,
        0,
        5,
        10,
        15,
        20,
        25,
        30,
        35,
        40,
        45,
        50,
        55,
        60,
        65,
        70,
        75,
        80,
        85,
        90,
        95,
        100,
        105,
        110,
        115,
        120,
        125,
        130,
        135,
        140,
        145,
        150,
        155,
        160,
        165,
        170,
        175,
        180,
        185,
        190,
        195
    ]
}