{"test_gain_mean": 0, "test_avg_loss_ratio": 0, "val_gain_main": 0, "val_avg_loss_ratio": 0, "top_columns": [], "pdf": [0.0038095238095238095, 0.017142857142857144, 0.0038095238095238095, 0.0019047619047619048, 0.005714285714285714, 0.0038095238095238095, 0.005714285714285714, 0.009523809523809525, 0.03619047619047619, 0.01904761904761905, 0.08380952380952382, 0.0019047619047619048, 0.0019047619047619048, 0.0, 0.0, 0.0, 0.0, 0.0, 0.0, 0.0, 0.005714285714285714], "bins_pdf": [0, 5, 10, 15, 20, 25, 30, 35, 40, 45, 50, 55, 60, 65, 70, 75, 80, 85, 90, 95, 100, 105], "acc": 0.8212135502804325, "val_acc": 0.7879122409197598, "rel_acc_std": 0.0, "train_err_pdf": [0.0, 0.0, 0.0, 0.0, 0.0, 0.0, 0.0, 0.0, 0.0, 0.0, 0.004761904761904762, 0.0, 0.0, 0.0, 0.0, 0.0, 0.0, 0.0, 0.0, 0.002380952380952381, 0.07857142857142857, 0.023809523809523808, 0.0380952380952381, 0.011904761904761904, 0.004761904761904762, 0.004761904761904762, 0.002380952380952381, 0.002380952380952381, 0.002380952380952381, 0.01904761904761905, 0.004761904761904762, 0.0, 0.0, 0.0, 0.0, 0.0, 0.0, 0.0, 0.0, 0.0, 0.0], "bins_train_err_pdf": [-100, -95, -90, -85, -80, -75, -70, -65, -60, -55, -50, -45, -40, -35, -30, -25, -20, -15, -10, -5, 0, 5, 10, 15, 20, 25, 30, 35, 40, 45, 50, 55, 60, 65, 70, 75, 80, 85, 90, 95, 100, 105], "unique_preds": [50.0], "df_min": {}, "df_max": {}}