{"test_gain_mean": 0, "test_avg_loss_ratio": 0, "val_gain_main": 0, "val_avg_loss_ratio": 0, "top_columns": [], "pdf": [0.0038834951456310682, 0.017475728155339806, 0.0038834951456310682, 0.0019417475728155341, 0.005825242718446602, 0.0038834951456310682, 0.005825242718446602, 0.009708737864077669, 0.036893203883495145, 0.015533980582524273, 0.08543689320388351, 0.0019417475728155341, 0.0019417475728155341, 0.0, 0.0, 0.0, 0.0, 0.0, 0.0, 0.0, 0.005825242718446602], "bins_pdf": [0, 5, 10, 15, 20, 25, 30, 35, 40, 45, 50, 55, 60, 65, 70, 75, 80, 85, 90, 95, 100, 105], "acc": 0.8256180053669696, "val_acc": 0.7642584024162971, "rel_acc_std": 0.0, "train_err_pdf": [0.0, 0.0, 0.0, 0.0, 0.0, 0.0, 0.0, 0.0, 0.0, 0.0, 0.004878048780487805, 0.0, 0.0, 0.0, 0.0, 0.0, 0.0, 0.0, 0.0, 0.0024390243902439024, 0.08292682926829269, 0.01951219512195122, 0.041463414634146344, 0.007317073170731707, 0.007317073170731707, 0.0024390243902439024, 0.004878048780487805, 0.0024390243902439024, 0.004878048780487805, 0.017073170731707315, 0.0024390243902439024, 0.0, 0.0, 0.0, 0.0, 0.0, 0.0, 0.0, 0.0, 0.0, 0.0], "bins_train_err_pdf": [-100, -95, -90, -85, -80, -75, -70, -65, -60, -55, -50, -45, -40, -35, -30, -25, -20, -15, -10, -5, 0, 5, 10, 15, 20, 25, 30, 35, 40, 45, 50, 55, 60, 65, 70, 75, 80, 85, 90, 95, 100, 105], "unique_preds": [50.0], "df_min": {}, "df_max": {}}