{
    "test_gain_mean": 90.55,
    "test_avg_loss_ratio": 0.24219926113235501,
    "val_gain_mean": 91.16124260355029,
    "val_avg_loss_ratio": 0.23531095202420327,
    "top_columns": [
        "selfish",
        "cells",
        "count_effort",
        "Honesty_Humility"
    ],
    "pdf": [
        0.0,
        0.0038461538461538464,
        0.0038461538461538464,
        0.0019230769230769232,
        0.0019230769230769232,
        0.0019230769230769232,
        0.0019230769230769232,
        0.0,
        0.0038461538461538464,
        0.0,
        0.03461538461538462,
        0.0,
        0.0038461538461538464,
        0.0,
        0.0038461538461538464,
        0.007692307692307693,
        0.025,
        0.0019230769230769232,
        0.011538461538461537,
        0.005769230769230769,
        0.0673076923076923,
        0.0019230769230769232,
        0.0019230769230769232,
        0.0,
        0.0019230769230769232,
        0.0038461538461538464,
        0.0,
        0.0,
        0.0019230769230769232,
        0.0,
        0.0038461538461538464,
        0.0,
        0.0,
        0.0,
        0.0,
        0.0,
        0.0,
        0.0,
        0.0019230769230769232,
        0.0019230769230769232
    ],
    "acc": 0.7646890479757967,
    "bins_pdf": [
        0,
        5,
        10,
        15,
        20,
        25,
        30,
        35,
        40,
        45,
        50,
        55,
        60,
        65,
        70,
        75,
        80,
        85,
        90,
        95,
        100,
        105,
        110,
        115,
        120,
        125,
        130,
        135,
        140,
        145,
        150,
        155,
        160,
        165,
        170,
        175,
        180,
        185,
        190,
        195,
        200
    ],
    "train_err_pdf": [
        0.0,
        0.0,
        0.0,
        0.0,
        0.0,
        0.0,
        0.0,
        0.0,
        0.0,
        0.0,
        0.0,
        0.0,
        0.0,
        0.0,
        0.0,
        0.0,
        0.0,
        0.0,
        0.0,
        0.0,
        0.0,
        5.655575454802526e-05,
        0.0009237439909510793,
        0.0008294844000377039,
        0.0001319634272787256,
        0.0,
        0.0,
        0.0,
        0.0,
        0.00011311150909605052,
        0.0018474879819021586,
        0.0017155245546234329,
        0.0011876708455085304,
        0.0008294844000377039,
        0.00024507493637477613,
        0.0019040437364501838,
        0.002582712791026487,
        0.0011499670091431804,
        0.0011122631727778303,
        0.0037326798001696675,
        0.03346215477424828,
        0.032274483928739744,
        0.01270619285512301,
        0.007031765482137807,
        0.01385615986426619,
        0.014723348100669243,
        0.0068809501366764066,
        0.0022999340182863607,
        0.0021114148364596097,
        0.0026769723819398622,
        0.016891318691676878,
        0.01504383070977472,
        0.0042228296729192195,
        0.0017155245546234329,
        0.0012442266000565556,
        0.0018097841455368083,
        0.0019417475728155341,
        0.0019983033273635593,
        0.0029220473183146386,
        0.003638420209256292,
        0.0019228956546328588,
        0.0002639268545574512,
        0.0,
        0.0,
        0.0,
        0.0,
        0.0,
        0.0,
        0.0,
        0.0,
        0.0,
        0.0,
        0.0,
        0.0,
        0.0,
        0.0,
        0.0,
        0.0,
        0.0
    ],
    "bins_train_err_pdf": [
        -200,
        -195,
        -190,
        -185,
        -180,
        -175,
        -170,
        -165,
        -160,
        -155,
        -150,
        -145,
        -140,
        -135,
        -130,
        -125,
        -120,
        -115,
        -110,
        -105,
        -100,
        -95,
        -90,
        -85,
        -80,
        -75,
        -70,
        -65,
        -60,
        -55,
        -50,
        -45,
        -40,
        -35,
        -30,
        -25,
        -20,
        -15,
        -10,
        -5,
        0,
        5,
        10,
        15,
        20,
        25,
        30,
        35,
        40,
        45,
        50,
        55,
        60,
        65,
        70,
        75,
        80,
        85,
        90,
        95,
        100,
        105,
        110,
        115,
        120,
        125,
        130,
        135,
        140,
        145,
        150,
        155,
        160,
        165,
        170,
        175,
        180,
        185,
        190,
        195
    ]
}