{
    "test_gain_mean": 90.15,
    "test_avg_loss_ratio": 0.24745536730688233,
    "val_gain_mean": 89.6819526627219,
    "val_avg_loss_ratio": 0.2477196992530195,
    "top_columns": [
        "selfish",
        "cells",
        "count_effort",
        "Honesty_Humility"
    ],
    "pdf": [
        0.0,
        0.0038834951456310682,
        0.0038834951456310682,
        0.0019417475728155341,
        0.0019417475728155341,
        0.0019417475728155341,
        0.0019417475728155341,
        0.0,
        0.0038834951456310682,
        0.0,
        0.03495145631067961,
        0.0,
        0.0038834951456310682,
        0.0,
        0.0038834951456310682,
        0.0077669902912621365,
        0.025242718446601944,
        0.0019417475728155341,
        0.011650485436893204,
        0.005825242718446602,
        0.06796116504854369,
        0.0019417475728155341,
        0.0019417475728155341,
        0.0,
        0.0019417475728155341,
        0.0038834951456310682,
        0.0,
        0.0,
        0.0019417475728155341,
        0.0,
        0.0038834951456310682,
        0.0,
        0.0,
        0.0,
        0.0,
        0.0,
        0.0,
        0.0,
        0.0019417475728155341,
        0.0,
        0.0
    ],
    "acc": 0.7522803007469805,
    "bins_pdf": [
        0,
        5,
        10,
        15,
        20,
        25,
        30,
        35,
        40,
        45,
        50,
        55,
        60,
        65,
        70,
        75,
        80,
        85,
        90,
        95,
        100,
        105,
        110,
        115,
        120,
        125,
        130,
        135,
        140,
        145,
        150,
        155,
        160,
        165,
        170,
        175,
        180,
        185,
        190,
        195,
        200,
        205
    ],
    "train_err_pdf": [
        0.0,
        0.0,
        0.0,
        0.0,
        0.0,
        0.0,
        0.0,
        0.0,
        0.0,
        0.0,
        0.0,
        0.0,
        0.0,
        0.0,
        0.0,
        0.0,
        0.0,
        0.0,
        0.0,
        0.0,
        0.0,
        9.425959091337543e-05,
        0.001093411254595155,
        0.0006975209727589783,
        5.655575454802526e-05,
        0.0,
        0.0,
        0.0,
        0.0,
        0.00018851918182675087,
        0.00218682250919031,
        0.001489301536431332,
        0.0012065227636912056,
        0.0006975209727589783,
        0.00024507493637477613,
        0.0022810821001036856,
        0.0024884532001131113,
        0.0009048920727684042,
        0.0012442266000565556,
        0.005090017909322273,
        0.039306249410877556,
        0.02831558111037798,
        0.010726741445942125,
        0.006673579036666981,
        0.015628240173437648,
        0.013686492600622113,
        0.005712131209350551,
        0.0018097841455368083,
        0.0022999340182863607,
        0.003091714581958714,
        0.01979451409180884,
        0.012743896691488357,
        0.003204826091054765,
        0.001489301536431332,
        0.001300782354604581,
        0.0018851918182675087,
        0.0019417475728155341,
        0.0020360071637289096,
        0.0031294184183240648,
        0.003638420209256292,
        0.001508153454614007,
        0.00011311150909605052,
        0.0,
        0.0,
        0.0,
        0.0,
        0.0,
        0.0,
        0.0,
        0.0,
        0.0,
        0.0,
        0.0,
        0.0,
        0.0,
        0.0,
        0.0,
        0.0,
        0.0,
        0.0,
        0.0
    ],
    "bins_train_err_pdf": [
        -200,
        -195,
        -190,
        -185,
        -180,
        -175,
        -170,
        -165,
        -160,
        -155,
        -150,
        -145,
        -140,
        -135,
        -130,
        -125,
        -120,
        -115,
        -110,
        -105,
        -100,
        -95,
        -90,
        -85,
        -80,
        -75,
        -70,
        -65,
        -60,
        -55,
        -50,
        -45,
        -40,
        -35,
        -30,
        -25,
        -20,
        -15,
        -10,
        -5,
        0,
        5,
        10,
        15,
        20,
        25,
        30,
        35,
        40,
        45,
        50,
        55,
        60,
        65,
        70,
        75,
        80,
        85,
        90,
        95,
        100,
        105,
        110,
        115,
        120,
        125,
        130,
        135,
        140,
        145,
        150,
        155,
        160,
        165,
        170,
        175,
        180,
        185,
        190,
        195,
        200,
        205
    ]
}