{
    "test_gain_mean": 89.35,
    "test_avg_loss_ratio": 0.2515748921923574,
    "val_gain_mean": 93.125,
    "val_avg_loss_ratio": 0.18849425763388372,
    "top_columns": [
        "selfish",
        "cells",
        "count_effort",
        "Honesty_Humility"
    ],
    "pdf": [
        0.0,
        0.00625,
        0.0,
        0.003125,
        0.003125,
        0.0,
        0.0,
        0.0,
        0.00625,
        0.0,
        0.040625,
        0.0,
        0.003125,
        0.0,
        0.00625,
        0.0125,
        0.01875,
        0.0,
        0.00625,
        0.009375,
        0.065625,
        0.003125,
        0.0,
        0.0,
        0.0,
        0.003125,
        0.0,
        0.0,
        0.003125,
        0.0,
        0.00625,
        0.0,
        0.0,
        0.0,
        0.0,
        0.0,
        0.0,
        0.0,
        0.0,
        0.003125
    ],
    "acc": 0.8115057423661163,
    "bins_pdf": [
        0,
        5,
        10,
        15,
        20,
        25,
        30,
        35,
        40,
        45,
        50,
        55,
        60,
        65,
        70,
        75,
        80,
        85,
        90,
        95,
        100,
        105,
        110,
        115,
        120,
        125,
        130,
        135,
        140,
        145,
        150,
        155,
        160,
        165,
        170,
        175,
        180,
        185,
        190,
        195,
        200
    ],
    "train_err_pdf": [
        0.0,
        0.0,
        0.0,
        0.0,
        0.0,
        0.0,
        0.0,
        0.0,
        0.0,
        0.0,
        0.0,
        0.0,
        0.0,
        0.0,
        0.0,
        0.0,
        0.0,
        0.0,
        0.0,
        0.0,
        0.0,
        0.0,
        0.0,
        0.0,
        0.0,
        0.0,
        0.0,
        0.0,
        0.0,
        0.00010078105316200554,
        0.002418745275888133,
        0.0029730410682791636,
        0.0021164021164021165,
        0.0014613252708490802,
        0.0005039052658100278,
        0.0012093726379440665,
        0.0014613252708490802,
        0.00045351473922902497,
        5.039052658100277e-05,
        0.0022675736961451248,
        0.027009322247417485,
        0.034870244394053916,
        0.016326530612244896,
        0.004585537918871252,
        0.00836482741244646,
        0.013706223230032753,
        0.010985134794658605,
        0.004787100025195263,
        0.0021164021164021165,
        0.0021164021164021165,
        0.01617535903250189,
        0.01909800957420005,
        0.008314436885865457,
        0.0029226505416981604,
        0.0009070294784580499,
        5.039052658100277e-05,
        0.0012597631645250692,
        0.0026706979087931467,
        0.002015621063240111,
        0.002872260015117158,
        0.0029226505416981604,
        0.0009070294784580499,
        0.0,
        0.0,
        0.0,
        0.0,
        0.0,
        0.0,
        0.0,
        0.0,
        0.0,
        0.0,
        0.0,
        0.0,
        0.0,
        0.0,
        0.0,
        0.0,
        0.0
    ],
    "bins_train_err_pdf": [
        -200,
        -195,
        -190,
        -185,
        -180,
        -175,
        -170,
        -165,
        -160,
        -155,
        -150,
        -145,
        -140,
        -135,
        -130,
        -125,
        -120,
        -115,
        -110,
        -105,
        -100,
        -95,
        -90,
        -85,
        -80,
        -75,
        -70,
        -65,
        -60,
        -55,
        -50,
        -45,
        -40,
        -35,
        -30,
        -25,
        -20,
        -15,
        -10,
        -5,
        0,
        5,
        10,
        15,
        20,
        25,
        30,
        35,
        40,
        45,
        50,
        55,
        60,
        65,
        70,
        75,
        80,
        85,
        90,
        95,
        100,
        105,
        110,
        115,
        120,
        125,
        130,
        135,
        140,
        145,
        150,
        155,
        160,
        165,
        170,
        175,
        180,
        185,
        190,
        195
    ]
}