{"test_gain_mean": 0, "test_avg_loss_ratio": 0, "val_gain_main": 0, "val_avg_loss_ratio": 0, "top_columns": ["time_spent_risk", "cells", "selfish", "time_spent_prop", "count_effort", "Honesty_Humility", "Extraversion", "Agreeableness"], "pdf": [0.00111731843575419, 0.00223463687150838, 0.00446927374301676, 0.00111731843575419, 0.00111731843575419, 0.00223463687150838, 0.00111731843575419, 0.00111731843575419, 0.0033519553072625698, 0.0, 0.0335195530726257, 0.00111731843575419, 0.0033519553072625698, 0.0, 0.0033519553072625698, 0.01452513966480447, 0.025698324022346366, 0.00446927374301676, 0.01229050279329609, 0.00446927374301676, 0.0659217877094972, 0.00223463687150838, 0.00111731843575419, 0.0, 0.00223463687150838, 0.00223463687150838, 0.0, 0.0, 0.00111731843575419, 0.0, 0.0033519553072625698, 0.0, 0.0, 0.0, 0.0, 0.0, 0.0, 0.0, 0.0, 0.00111731843575419, 0.0], "bins_pdf": [0, 5, 10, 15, 20, 25, 30, 35, 40, 45, 50, 55, 60, 65, 70, 75, 80, 85, 90, 95, 100, 105, 110, 115, 120, 125, 130, 135, 140, 145, 150, 155, 160, 165, 170, 175, 180, 185, 190, 195, 200, 205], "acc": 0.7503749374489311, "val_acc": 0.7770512807173158, "rel_acc_std": 0.0, "train_err_pdf": [0.0, 0.0, 0.0, 0.0, 0.0, 0.0, 0.0, 0.0, 0.0, 0.0, 0.0, 0.0, 0.0, 0.0, 0.0, 0.0, 0.0, 0.0, 0.0, 0.0, 0.0, 0.0013986013986013986, 0.0, 0.0, 0.0, 0.0, 0.0, 0.0, 0.0, 0.0, 0.0013986013986013986, 0.0, 0.0013986013986013986, 0.0013986013986013986, 0.0013986013986013986, 0.0013986013986013986, 0.0013986013986013986, 0.0, 0.0, 0.0, 0.058741258741258746, 0.011188811188811189, 0.013986013986013986, 0.006993006993006993, 0.025174825174825177, 0.011188811188811189, 0.006993006993006993, 0.0013986013986013986, 0.004195804195804196, 0.002797202797202797, 0.02657342657342657, 0.0, 0.002797202797202797, 0.0013986013986013986, 0.005594405594405594, 0.0, 0.0013986013986013986, 0.0013986013986013986, 0.002797202797202797, 0.002797202797202797, 0.0013986013986013986, 0.0013986013986013986, 0.0, 0.0, 0.0, 0.0, 0.0, 0.0, 0.0, 0.0, 0.0, 0.0, 0.0, 0.0, 0.0, 0.0, 0.0, 0.0, 0.0, 0.0, 0.0], "bins_train_err_pdf": [-200, -195, -190, -185, -180, -175, -170, -165, -160, -155, -150, -145, -140, -135, -130, -125, -120, -115, -110, -105, -100, -95, -90, -85, -80, -75, -70, -65, -60, -55, -50, -45, -40, -35, -30, -25, -20, -15, -10, -5, 0, 5, 10, 15, 20, 25, 30, 35, 40, 45, 50, 55, 60, 65, 70, 75, 80, 85, 90, 95, 100, 105, 110, 115, 120, 125, 130, 135, 140, 145, 150, 155, 160, 165, 170, 175, 180, 185, 190, 195, 200, 205], "unique_preds": [80.0, 100.0, 105.0, 110.0, 120.0], "df_min": {"prop": 10.0, "other_resp": 5.0, "other_prop": 0.0, "time_spent_risk": 0.0, "cells": 1.0, "selfish": 0.0, "time_spent_prop": 16000.0, "count_effort": 0.0, "Honesty_Humility": 1.899999976158142, "Extraversion": 1.100000023841858, "Agreeableness": 1.5, "min_offer": 0.0}, "df_max": {"prop": 200.0, "other_resp": 190.0, "other_prop": 190.0, "time_spent_risk": 152000.0, "cells": 50.0, "selfish": 60.0, "time_spent_prop": 269000.0, "count_effort": 20.0, "Honesty_Humility": 4.900000095367432, "Extraversion": 4.800000190734863, "Agreeableness": 4.800000190734863, "min_offer": 195.0}}